678.9,681.33,683.85,686.47,689.2,692.02,694.94,697.95,701.07,704.29,707.6,711.02,714.53,718.14,721.85,725.66,729.57,733.58,737.68,741.89,746.19,750.59,755.1,759.7,764.4,769.19,774.09,779.09,784.18,789.38,794.67,800.06,805.55,811.14,816.83,822.62,828.5,834.49,840.57,846.75,853.03,859.41,865.89,872.47,879.15,885.92,892.8,899.77,906.85,914.02,921.29,928.66,936.12,943.69,951.36,959.12,966.99,974.95,983.01,991.17
674.49,676.77,679.15,681.63,684.21,686.88,689.66,692.53,695.5,698.57,701.74,705.01,708.38,711.85,715.41,719.08,722.84,726.7,730.66,734.72,738.88,743.14,747.5,751.95,756.51,761.16,765.91,770.76,775.71,780.76,785.91,791.16,796.5,801.95,807.49,813.13,818.87,824.71,830.65,836.69,842.83,849.06,855.4,861.83,868.36,874.99,881.72,888.55,895.48,902.51,909.63,916.86,924.18,931.6,939.12,946.74,954.46,962.28,970.19,978.21
670.66,672.8,675.03,677.36,679.8,682.33,684.96,687.68,690.51,693.44,696.46,699.59,702.81,706.13,709.55,713.07,716.69,720.41,724.22,728.14,732.15,736.27,740.48,744.79,749.2,753.71,758.31,763.02,767.83,772.73,777.73,782.83,788.03,793.33,798.73,804.23,809.83,815.52,821.31,827.21,833.2,839.29,845.48,851.77,858.15,864.64,871.22,877.91,884.69,891.57,898.55,905.63,912.81,920.09,927.46,934.94,942.51,950.18,957.96,965.83
667.41,669.4,671.49,673.68,675.96,678.35,680.83,683.42,686.1,688.88,691.76,694.74,697.82,700.99,704.27,707.64,711.12,714.69,718.36,722.13,726.0,729.97,734.04,738.2,742.47,746.83,751.29,755.85,760.51,765.27,770.13,775.09,780.14,785.3,790.55,795.9,801.35,806.9,812.55,818.3,824.15,830.09,836.14,842.28,848.52,854.86,861.3,867.84,874.48,881.22,888.05,894.99,902.02,909.15,916.38,923.71,931.14,938.67,946.3,954.02
664.73,666.58,668.52,670.56,672.71,674.95,677.29,679.73,682.26,684.9,687.63,690.47,693.4,696.43,699.56,702.79,706.12,709.55,713.08,716.7,720.43,724.25,728.17,732.19,736.31,740.53,744.85,749.26,753.78,758.39,763.11,767.92,772.83,777.84,782.95,788.15,793.46,798.86,804.37,809.97,815.67,821.47,827.37,833.37,839.47,845.66,851.96,858.35,864.85,871.44,878.13,884.92,891.81,898.79,905.88,913.06,920.35,927.73,935.21,942.79
662.63,664.33,666.13,668.03,670.03,672.12,674.32,676.61,679.0,681.5,684.09,686.78,689.56,692.45,695.44,698.52,701.71,704.99,708.37,711.85,715.43,719.11,722.88,726.76,730.73,734.81,738.98,743.25,747.62,752.09,756.66,761.33,766.09,770.96,775.92,780.98,786.14,791.4,796.76,802.22,807.78,813.43,819.19,825.04,830.99,837.04,843.19,849.44,855.79,862.24,868.78,875.43,882.17,889.01,895.95,902.99,910.13,917.37,924.71,932.14
661.11,662.67,664.32,666.07,667.93,669.88,671.93,674.08,676.32,678.67,681.12,683.66,686.3,689.05,691.89,694.83,697.87,701.0,704.24,707.57,711.01,714.54,718.17,721.9,725.73,729.66,733.69,737.82,742.04,746.37,750.79,755.31,759.93,764.65,769.47,774.39,779.4,784.52,789.73,795.05,800.46,805.97,811.58,817.29,823.09,829.0,835.01,841.11,847.31,853.61,860.01,866.51,873.11,879.81,886.61,893.5,900.49,907.59,914.78,922.07
660.17,661.58,663.09,664.7,666.4,668.21,670.11,672.12,674.22,676.42,678.72,681.12,683.62,686.22,688.91,691.71,694.6,697.6,700.69,703.88,707.17,710.55,714.04,717.63,721.31,725.1,728.98,732.96,737.04,741.22,745.5,749.87,754.35,758.92,763.6,768.37,773.24,778.21,783.28,788.45,793.72,799.08,804.55,810.11,815.77,821.53,827.39,833.35,839.41,845.57,851.82,858.18,864.63,871.18,877.84,884.59,891.43,898.38,905.43,912.57
659.8,661.07,662.43,663.9,665.46,667.12,668.88,670.74,672.7,674.75,676.91,679.16,681.52,683.97,686.52,689.17,691.92,694.77,697.71,700.76,703.9,707.14,710.49,713.93,717.47,721.11,724.84,728.68,732.62,736.65,740.78,745.02,749.35,753.78,758.3,762.93,767.66,772.48,777.41,782.43,787.55,792.77,798.09,803.51,809.03,814.65,820.36,826.18,832.09,838.1,844.21,850.42,856.73,863.14,869.64,876.25,882.95,889.75,896.66,903.66
660.01,661.13,662.35,663.67,665.09,666.61,668.22,669.93,671.75,673.66,675.67,677.78,679.99,682.29,684.7,687.21,689.81,692.51,695.31,698.21,701.21,704.31,707.51,710.81,714.2,717.69,721.29,724.98,728.77,732.66,736.65,740.73,744.92,749.2,753.59,758.07,762.65,767.33,772.11,776.99,781.97,787.04,792.22,797.49,802.86,808.33,813.91,819.57,825.34,831.21,837.18,843.24,849.4,855.67,862.03,868.49,875.05,881.7,888.46,895.32
660.8,661.78,662.85,664.03,665.3,666.67,668.14,669.71,671.38,673.14,675.01,676.97,679.04,681.2,683.46,685.82,688.28,690.84,693.49,696.25,699.1,702.06,705.11,708.26,711.51,714.86,718.31,721.85,725.5,729.24,733.09,737.03,741.07,745.21,749.45,753.79,758.22,762.76,767.39,772.13,776.96,781.89,786.92,792.05,797.28,802.6,808.03,813.55,819.17,824.9,830.72,836.64,842.66,848.77,854.99,861.3,867.72,874.23,880.84,887.55
662.17,663.0,663.93,664.96,666.09,667.31,668.64,670.06,671.58,673.21,674.93,676.75,678.66,680.68,682.8,685.01,687.33,689.74,692.25,694.86,697.57,700.38,703.29,706.29,709.4,712.6,715.91,719.31,722.81,726.41,730.11,733.9,737.8,741.79,745.89,750.08,754.37,758.76,763.25,767.84,772.53,777.31,782.2,787.18,792.26,797.45,802.73,808.11,813.58,819.16,824.84,830.61,836.49,842.46,848.53,854.7,860.97,867.34,873.8,880.37
664.11,664.8,665.58,666.47,667.45,668.53,669.71,670.99,672.37,673.85,675.42,677.1,678.87,680.74,682.71,684.78,686.95,689.22,691.59,694.05,696.62,699.28,702.04,704.9,707.86,710.92,714.08,717.34,720.69,724.15,727.7,731.35,735.1,738.95,742.9,746.95,751.1,755.34,759.69,764.13,768.67,773.31,778.05,782.89,787.83,792.87,798.0,803.24,808.57,814.0,819.53,825.16,830.89,836.72,842.65,848.67,854.8,861.02,867.34,873.76
666.64,667.18,667.82,668.56,669.39,670.33,671.36,672.5,673.73,675.06,676.49,678.02,679.65,681.38,683.21,685.13,687.16,689.28,691.5,693.82,696.24,698.76,701.38,704.09,706.91,709.82,712.83,715.95,719.16,722.47,725.87,729.38,732.99,736.69,740.5,744.4,748.4,752.5,756.7,761.0,765.4,769.89,774.49,779.18,783.98,788.87,793.86,798.95,804.13,809.42,814.81,820.29,825.88,831.56,837.34,843.22,849.2,855.28,861.46,867.73
669.74,670.13,670.63,671.22,671.91,672.7,673.59,674.58,675.67,676.86,678.14,679.53,681.01,682.59,684.28,686.06,687.94,689.91,691.99,694.17,696.44,698.81,701.29,703.86,706.53,709.3,712.17,715.13,718.2,721.36,724.63,727.99,731.45,735.01,738.67,742.43,746.28,750.24,754.29,758.45,762.7,767.05,771.5,776.05,780.7,785.44,790.29,795.23,800.28,805.42,810.66,816.0,821.44,826.98,832.61,838.35,844.18,850.12,856.15,862.28
673.41,673.66,674.01,674.46,675.01,675.66,676.4,677.25,678.19,679.23,680.37,681.61,682.95,684.39,685.92,687.56,689.29,691.13,693.06,695.09,697.22,699.45,701.78,704.2,706.73,709.35,712.07,714.9,717.82,720.84,723.95,727.17,730.49,733.9,737.42,741.03,744.74,748.55,752.46,756.47,760.58,764.78,769.09,773.49,778.0,782.6,787.3,792.1,797.0,801.99,807.09,812.28,817.58,822.97,828.46,834.05,839.74,845.53,851.42,857.4
677.67,677.77,677.98,678.28,678.68,679.19,679.79,680.49,681.28,682.18,683.18,684.27,685.47,686.76,688.15,689.64,691.23,692.92,694.7,696.59,698.57,700.66,702.84,705.12,707.5,709.98,712.56,715.24,718.01,720.89,723.86,726.93,730.1,733.37,736.74,740.21,743.78,747.44,751.21,755.07,759.03,763.1,767.26,771.52,775.87,780.33,784.89,789.54,794.29,799.15,804.1,809.15,814.3,819.54,824.89,830.34,835.88,841.52,847.27,853.11
682.5,682.46,682.52,682.68,682.94,683.29,683.75,684.3,684.96,685.71,686.56,687.51,688.56,689.71,690.95,692.3,693.74,695.28,696.93,698.67,700.51,702.45,704.48,706.62,708.86,711.19,713.62,716.16,718.79,721.52,724.34,727.27,730.3,733.42,736.65,739.97,743.39,746.91,750.53,754.25,758.07,761.99,766.0,770.11,774.33,778.64,783.05,787.56,792.17,796.88,801.68,806.59,811.59,816.69,821.9,827.2,832.6,838.09,843.69,849.39
687.91,687.72,687.64,687.65,687.77,687.98,688.29,688.7,689.21,689.81,690.52,691.32,692.23,693.23,694.33,695.53,696.83,698.23,699.73,701.32,703.02,704.81,706.7,708.7,710.79,712.98,715.26,717.65,720.14,722.72,725.41,728.19,731.07,734.05,737.13,740.31,743.58,746.96,750.43,754.01,757.68,761.45,765.32,769.29,773.36,777.53,781.79,786.16,790.62,795.18,799.84,804.6,809.46,814.42,819.48,824.63,829.89,835.24,840.69,846.25
693.9,693.57,693.34,693.21,693.17,693.24,693.41,693.67,694.03,694.5,695.06,695.72,696.48,697.33,698.29,699.35,700.5,701.75,703.11,704.56,706.11,707.76,709.5,711.35,713.3,715.34,717.48,719.72,722.07,724.51,727.04,729.68,732.42,735.25,738.19,741.22,744.35,747.58,750.91,754.34,757.87,761.5,765.22,769.05,772.97,776.99,781.11,785.33,789.65,794.07,798.58,803.2,807.91,812.73,817.64,822.65,827.76,832.97,838.27,843.68
700.46,699.99,699.61,699.34,699.16,699.08,699.1,699.22,699.44,699.76,700.17,700.69,701.3,702.01,702.83,703.74,704.75,705.85,707.06,708.37,709.77,711.28,712.88,714.58,716.38,718.28,720.28,722.38,724.57,726.87,729.26,731.75,734.34,737.04,739.82,742.71,745.7,748.79,751.97,755.25,758.64,762.12,765.7,769.38,773.16,777.03,781.01,785.08,789.26,793.53,797.9,802.37,806.94,811.61,816.38,821.24,826.21,831.27,836.43,841.69
707.6,706.98,706.46,706.04,705.72,705.5,705.37,705.35,705.42,705.59,705.86,706.23,706.7,707.27,707.94,708.7,709.57,710.53,711.59,712.76,714.02,715.37,716.83,718.39,720.04,721.8,723.65,725.6,727.66,729.81,732.05,734.4,736.85,739.39,742.04,744.78,747.62,750.57,753.61,756.74,759.98,763.32,766.75,770.29,773.92,777.65,781.48,785.41,789.44,793.57,797.8,802.12,806.55,811.07,815.69,820.41,825.23,830.15,835.17,840.28
715.32,714.56,713.89,713.33,712.86,712.49,712.22,712.05,711.98,712.01,712.14,712.36,712.68,713.11,713.63,714.25,714.97,715.79,716.71,717.72,718.84,720.05,721.36,722.78,724.29,725.9,727.6,729.41,731.32,733.32,735.43,737.63,739.93,742.33,744.83,747.43,750.13,752.92,755.82,758.81,761.9,765.1,768.39,771.77,775.26,778.85,782.54,786.32,790.2,794.19,798.27,802.45,806.73,811.11,815.58,820.16,824.83,829.61,834.48,839.45
723.62,722.71,721.9,721.19,720.58,720.07,719.65,719.34,719.12,719.0,718.98,719.06,719.24,719.52,719.9,720.37,720.95,721.62,722.39,723.26,724.23,725.3,726.47,727.74,729.1,730.57,732.13,733.79,735.56,737.42,739.37,741.43,743.59,745.85,748.2,750.65,753.21,755.86,758.61,761.46,764.4,767.45,770.6,773.84,777.18,780.63,784.17,787.81,791.54,795.38,799.32,803.35,807.49,811.72,816.05,820.49,825.02,829.64,834.37,839.2
732.49,731.44,730.49,729.63,728.87,728.22,727.66,727.2,726.83,726.57,726.41,726.34,726.38,726.51,726.74,727.07,727.5,728.03,728.66,729.39,730.21,731.13,732.16,733.28,734.5,735.82,737.24,738.76,740.37,742.09,743.9,745.81,747.83,749.94,752.15,754.45,756.86,759.37,761.97,764.68,767.48,770.38,773.38,776.48,779.68,782.98,786.37,789.87,793.46,797.16,800.95,804.84,808.83,812.91,817.1,821.39,825.77,830.26,834.84,839.52
741.95,740.75,739.65,738.65,737.75,736.94,736.24,735.63,735.13,734.72,734.41,734.2,734.09,734.08,734.17,734.35,734.64,735.02,735.5,736.08,736.76,737.54,738.42,739.4,740.47,741.65,742.92,744.29,745.77,747.34,749.01,750.77,752.64,754.61,756.67,758.83,761.1,763.46,765.92,768.48,771.13,773.89,776.75,779.7,782.76,785.91,789.16,792.51,795.96,799.51,803.15,806.9,810.74,814.69,818.73,822.87,827.11,831.45,835.89,840.42
751.98,750.63,749.39,748.24,747.2,746.25,745.4,744.65,744.0,743.45,742.99,742.64,742.38,742.22,742.17,742.21,742.35,742.59,742.92,743.36,743.9,744.53,745.26,746.09,747.03,748.06,749.18,750.41,751.74,753.16,754.69,756.31,758.03,759.85,761.77,763.79,765.91,768.12,770.44,772.85,775.37,777.98,780.69,783.5,786.41,789.41,792.52,795.73,799.03,802.43,805.93,809.54,813.23,817.03,820.93,824.93,829.02,833.22,837.51,841.9
762.58,761.1,759.71,758.42,757.22,756.13,755.14,754.24,753.45,752.75,752.15,751.65,751.25,750.95,750.74,750.64,750.64,750.73,750.92,751.21,751.6,752.09,752.68,753.37,754.15,755.04,756.02,757.11,758.29,759.57,760.95,762.42,764.0,765.68,767.45,769.33,771.3,773.37,775.54,777.81,780.18,782.64,785.21,787.87,790.64,793.5,796.46,799.52,802.68,805.94,809.29,812.75,816.31,819.96,823.71,827.56,831.51,835.56,839.71,843.96
773.77,772.14,770.6,769.17,767.83,766.59,765.45,764.41,763.47,762.63,761.89,761.24,760.7,760.25,759.9,759.65,759.5,759.45,759.5,759.64,759.89,760.23,760.68,761.22,761.86,762.6,763.44,764.38,765.41,766.55,767.78,769.12,770.55,772.08,773.71,775.44,777.26,779.19,781.22,783.34,785.56,787.89,790.31,792.83,795.44,798.16,800.98,803.89,806.91,810.02,813.23,816.54,819.95,823.46,827.07,830.78,834.58,838.48,842.49,846.59
785.53,783.75,782.07,780.49,779.01,777.63,776.35,775.16,774.07,773.09,772.2,771.41,770.72,770.13,769.63,769.24,768.95,768.75,768.65,768.65,768.75,768.95,769.25,769.65,770.14,770.74,771.43,772.23,773.12,774.11,775.2,776.39,777.67,779.06,780.54,782.13,783.81,785.59,787.47,789.45,791.53,793.71,795.98,798.36,800.83,803.4,806.07,808.84,811.71,814.68,817.75,820.91,824.18,827.54,831.0,834.57,838.23,841.99,845.84,849.8
797.87,795.95,794.12,792.4,790.77,789.24,787.82,786.49,785.25,784.12,783.09,782.15,781.32,780.58,779.95,779.41,778.97,778.63,778.38,778.24,778.2,778.25,778.4,778.66,779.01,779.46,780.0,780.65,781.4,782.24,783.19,784.23,785.37,786.62,787.96,789.39,790.93,792.57,794.3,796.14,798.07,800.1,802.23,804.46,806.79,809.22,811.75,814.37,817.1,819.92,822.84,825.86,828.98,832.2,835.52,838.93,842.45,846.06,849.78,853.59
810.79,808.72,806.75,804.88,803.11,801.44,799.86,798.39,797.01,795.74,794.56,793.48,792.5,791.62,790.83,790.15,789.56,789.08,788.69,788.4,788.21,788.12,788.13,788.24,788.45,788.75,789.15,789.66,790.26,790.96,791.76,792.66,793.65,794.75,795.94,797.24,798.63,800.12,801.71,803.4,805.19,807.08,809.06,811.15,813.33,815.62,818.0,820.48,823.06,825.73,828.51,831.39,834.36,837.44,840.61,843.88,847.25,850.72,854.29,857.95
824.28,822.07,819.96,817.94,816.03,814.21,812.49,810.87,809.35,807.93,806.6,805.38,804.25,803.23,802.3,801.47,800.74,800.11,799.58,799.14,798.81,798.57,798.44,798.4,798.46,798.62,798.88,799.24,799.7,800.25,800.91,801.66,802.51,803.46,804.51,805.66,806.91,808.26,809.7,811.25,812.89,814.63,816.47,818.41,820.45,822.59,824.82,827.16,829.59,832.13,834.76,837.49,840.32,843.25,846.28,849.4,852.63,855.95,859.38,862.9
838.36,836.0,833.74,831.58,829.52,827.56,825.69,823.93,822.26,820.69,819.23,817.86,816.59,815.42,814.34,813.37,812.49,811.72,811.04,810.46,809.98,809.6,809.32,809.14,809.06,809.07,809.18,809.4,809.71,810.12,810.63,811.24,811.95,812.75,813.66,814.66,815.76,816.97,818.27,819.67,821.16,822.76,824.46,826.25,828.15,830.14,832.23,834.42,836.71,839.1,841.59,844.17,846.86,849.64,852.52,855.5,858.58,861.76,865.04,868.42
853.01,850.5,848.1,845.8,843.59,841.48,839.47,837.56,835.75,834.04,832.43,830.91,829.5,828.18,826.96,825.85,824.83,823.9,823.08,822.36,821.74,821.21,820.78,820.46,820.23,820.1,820.07,820.13,820.3,820.57,820.93,821.4,821.96,822.62,823.38,824.24,825.2,826.25,827.41,828.66,830.02,831.47,833.02,834.67,836.42,838.27,840.21,842.26,844.4,846.65,848.99,851.43,853.97,856.61,859.35,862.18,865.12,868.15,871.29,874.52
868.24,865.59,863.04,860.59,858.24,855.98,853.83,851.78,849.82,847.96,846.21,844.55,842.99,841.53,840.16,838.9,837.73,836.67,835.7,834.83,834.06,833.39,832.82,832.35,831.98,831.7,831.53,831.45,831.47,831.59,831.81,832.13,832.55,833.06,833.68,834.39,835.21,836.12,837.13,838.24,839.45,840.75,842.16,843.66,845.27,846.97,848.77,850.67,852.67,854.77,856.97,859.27,861.66,864.15,866.75,869.44,872.23,875.12,878.11,881.19
884.04,881.25,878.55,875.96,873.46,871.07,868.77,866.57,864.47,862.47,860.56,858.76,857.05,855.45,853.94,852.53,851.22,850.01,848.9,847.89,846.97,846.16,845.44,844.82,844.3,843.88,843.56,843.34,843.22,843.19,843.27,843.44,843.71,844.09,844.56,845.13,845.79,846.56,847.43,848.39,849.45,850.62,851.88,853.24,854.7,856.25,857.91,859.67,861.52,863.47,865.53,867.68,869.93,872.28,874.73,877.27,879.92,882.66,885.51,888.45
900.42,897.49,894.65,891.91,889.27,886.72,884.28,881.94,879.69,877.54,875.5,873.55,871.7,869.95,868.29,866.74,865.28,863.93,862.67,861.51,860.46,859.5,858.63,857.87,857.21,856.64,856.18,855.81,855.54,855.37,855.3,855.33,855.46,855.69,856.01,856.43,856.96,857.58,858.3,859.12,860.04,861.06,862.17,863.39,864.7,866.11,867.63,869.24,870.95,872.76,874.66,876.67,878.77,880.98,883.28,885.68,888.18,890.78,893.48,896.28
917.38,914.3,911.32,908.43,905.65,902.96,900.37,897.88,895.49,893.2,891.01,888.91,886.92,885.02,883.22,881.53,879.93,878.43,877.02,875.72,874.52,873.41,872.41,871.5,870.69,869.98,869.37,868.86,868.44,868.13,867.92,867.8,867.78,867.86,868.04,868.32,868.7,869.18,869.75,870.43,871.2,872.07,873.05,874.12,875.28,876.55,877.92,879.39,880.95,882.61,884.38,886.24,888.2,890.26,892.41,894.67,897.03,899.48,902.04,904.69
934.92,931.69,928.57,925.54,922.61,919.77,917.04,914.41,911.87,909.43,907.1,904.86,902.72,900.68,898.73,896.89,895.15,893.5,891.95,890.51,889.16,887.91,886.75,885.7,884.75,883.89,883.14,882.48,881.92,881.47,881.11,880.84,880.68,880.62,880.65,880.79,881.02,881.35,881.78,882.31,882.94,883.67,884.5,885.42,886.45,887.57,888.79,890.11,891.53,893.05,894.67,896.38,898.2,900.11,902.13,904.24,906.45,908.76,911.17,913.67
